{
	"class_name" : "PinholeCameraParameters",
	"extrinsic" : 
	[
		0.94608463295891776,
		0.078667507303168155,
		0.31422172199530674,
		0.0,
		0.24527199950161052,
		-0.80760693004085282,
		-0.53629534102998799,
		0.0,
		0.2115786225956483,
		0.58445057091656194,
		-0.78335944279483427,
		0.0,
		2.4240219815105717,
		8.6469197398833977,
		19.306669337741724,
		1.0
	],
	"intrinsic" : 
	{
		"height" : 1055,
		"intrinsic_matrix" : 
		[
			913.65680099258282,
			0.0,
			0.0,
			0.0,
			913.65680099258282,
			0.0,
			959.5,
			527.0,
			1.0
		],
		"width" : 1920
	},
	"version_major" : 1,
	"version_minor" : 0
}