{
	"class_name" : "PinholeCameraParameters",
	"extrinsic" : 
	[
		0.97215155964184119,
		0.095999077934707466,
		0.21378849857188725,
		0.0,
		0.079041866774369723,
		-0.99310961695889277,
		0.086519778089083635,
		0.0,
		0.22062123284661128,
		-0.067212095187157012,
		-0.97304100935047644,
		0.0,
		0.021883728699241933,
		-0.017313733192492131,
		2.6263639812399364,
		1.0
	],
	"intrinsic" : 
	{
		"height" : 1055,
		"intrinsic_matrix" : 
		[
			913.65680099258282,
			0.0,
			0.0,
			0.0,
			913.65680099258282,
			0.0,
			959.5,
			527.0,
			1.0
		],
		"width" : 1920
	},
	"version_major" : 1,
	"version_minor" : 0
}